Número do REDS;Tipo de Relatório;Data/Hora de Criação do Registro;Data/Hora do Fato;Natureza Principal;Endereço do Fato;Município do Fato;Unidade Responsável pelo Registro;Número do BO
2025-050878637-001;POLICIAL;03/11/2025 11:25;03/11/2025 11:23;CUMPRIMENTO DE PRISAO Y10003 ;RUA LIMOGES  /  - null - CONTAGEM;CONTAGEM;84 CIA TM/39 BPM/2 RPM M6428;
2025-050936814-001;POLICIAL;03/11/2025 16:32;03/11/2025 16:31;CUMPRIMENTO DE PRISAO Y10003 ;RUA VERA CRUZ  /  - JARDIM VERA CRUZ B - CONTAGEM;CONTAGEM;84 CIA TM/39 BPM/2 RPM M6428;
2025-051070979-001;POLICIAL;04/11/2025 13:14;04/11/2025 13:11;CORRUPCAO ATIVA RECEPTACAO DIRECAO PERIGOSA DE VEICULO/EMBARCAC NA VIA/AGUA PUBL G01333 C01180 E08034 ;RUA DOUTOR LOUIS ENSCH  /  - PARQUE MARACANA - CONTAGEM;CONTAGEM;84 CIA TM/39 BPM/2 RPM M6428;
2025-051331849-001;POLICIAL;05/11/2025 20:14;05/11/2025 20:10;CUMPRIMENTO DE PRISAO Y10003 ;RUA BARTOLOMEU BUENO  /  - BANDEIRANTES - CONTAGEM;CONTAGEM;84 CIA TM/39 BPM/2 RPM M6428;
2025-051370937-001;POLICIAL;06/11/2025 01:09;06/11/2025 01:08;ADULT. SINAL IDENT. VEICULO AUTOMOTOR CLONAGEM  VEICULO G01311 ;PRACA NOSSA SENHORA DA CONCEICAO  /  - NOVO ELDORADO - CONTAGEM;CONTAGEM;84 CIA TM/39 BPM/2 RPM M6428;
2025-051697365-001;POLICIAL;07/11/2025 22:28;07/11/2025 22:25;CUMPRIMENTO DE PRISAO Y10003 ;RUA ALTINO RIBEIRO  /  - ELDORADO - CONTAGEM;CONTAGEM;84 CIA TM/39 BPM/2 RPM M6428;
2025-051778521-001;POLICIAL;08/11/2025 15:13;08/11/2025 15:10;CUMPRIMENTO DE PRISAO Y10003 ;AVENIDA GENERAL DAVID SARNOFF  / AVENIDA JOAO CESAR DE OLIVEIRA  - ELDORADO - CONTAGEM;CONTAGEM;84 CIA TM/39 BPM/2 RPM M6428;
2025-051597068-001;POLICIAL;07/11/2025 10:51;07/11/2025 10:50;FURTO C01155 ;AVENIDA SILVA LOBO  /  - NOVA GRANADA - BELO HORIZONTE;BELO HORIZONTE;84 CIA TM/39 BPM/2 RPM M6428;
2025-052322977-001;POLICIAL;11/11/2025 19:19;11/11/2025 19:18;TRAFICO ILICITO DE DROGAS PORTE ILEGAL ARMA DE FOGO/ACESSÓRIO/MUNIÇÃO DE USO PERMITIDO I04033 E03014 ;AVENIDA DONA CARMELIA DUTRA  /  - BEATRIZ - CONTAGEM;CONTAGEM;84 CIA TM/39 BPM/2 RPM M6428;
2025-052436585-001;POLICIAL;12/11/2025 14:06;12/11/2025 12:40;FURTO C01155 ;RUA URUCURI  /  - NOVO ELDORADO - CONTAGEM;CONTAGEM;84 CIA TM/39 BPM/2 RPM M6428;
2025-052534119-002;POLICIAL;12/11/2025 23:56;12/11/2025 21:44;HOMICIDIO INCENDIO B01121 E01250 ;RUA IBAITI  /  - VILA DARCY VARGAS - CONTAGEM;CONTAGEM;84 CIA TM/39 BPM/2 RPM M6428;
2025-052562577-001;POLICIAL;13/11/2025 08:27;13/11/2025 06:05;CUMPRIMENTO DE BUSCA E APREENSAO DE OBJETOS, PES .. Y10001 ;RUA MIGUEL DIAS FILHO  /  - SANTO ANTONIO - RIBEIRAO DAS NEVES;RIBEIRAO DAS NEVES;84 CIA TM/39 BPM/2 RPM M6428;
2025-052625309-001;POLICIAL;13/11/2025 15:06;13/11/2025 15:02;APLICACAO  MEDIDAS ADM PREVISTAS NO ARTIGO 269 DO CTB T10161 ;RUA MONSENHOR BICALHO  /  - ELDORADO - CONTAGEM;CONTAGEM;84 CIA TM/39 BPM/2 RPM M6428;
2025-052878960-001;POLICIAL;14/11/2025 22:02;14/11/2025 20:00;TRAFICO ILICITO DE DROGAS CORRUPCAO ATIVA PORTE ILEGAL ARMA DE FOGO/ACESSÓRIO/MUNIÇÃO DE USO PERMITIDO I04033 G01333 E03014 ;VIA EXPRESSA DE CONTAGEM  /  - CINCAO - CONTAGEM;CONTAGEM;84 CIA TM/39 BPM/2 RPM M6428;
2025-052941787-001;POLICIAL;15/11/2025 12:06;15/11/2025 10:00;CORRUPCAO ATIVA APLICACAO  MEDIDAS ADM PREVISTAS NO ARTIGO 269 DO CTB G01333 T10161 ;RUA TRAJANO DE ARAUJO VIANA  /  - CINCO - CONTAGEM;CONTAGEM;84 CIA TM/39 BPM/2 RPM M6428;
2025-053076143-001;POLICIAL;16/11/2025 11:05;16/11/2025 11:04;ROUBO C01157 ;AVENIDA LONDRES  /  - NOVO ELDORADO - CONTAGEM;CONTAGEM;84 CIA TM/39 BPM/2 RPM M6428;
2025-053222495-001;POLICIAL;17/11/2025 11:27;17/11/2025 10:31;CUMPRIMENTO DE PRISAO Y10003 ;AVENIDA BABITA CAMARGOS  /  - CIDADE INDUSTRIAL - CONTAGEM;CONTAGEM;84 CIA TM/39 BPM/2 RPM M6428;
2025-053230870-001;POLICIAL;17/11/2025 12:36;17/11/2025 12:00;CUMPRIMENTO DE PRISAO Y10003 ;AVENIDA CRUZEIRO DO SUL  /  - JARDIM RIACHO DAS PEDRAS - CONTAGEM;CONTAGEM;84 CIA TM/39 BPM/2 RPM M6428;
2025-053275182-001;POLICIAL;17/11/2025 15:59;17/11/2025 14:12;ROUBO C01157 ;RUA SAO MIGUEL  /  - NOVO PROGRESSO SEGUNDA SECAO - CONTAGEM;CONTAGEM;84 CIA TM/39 BPM/2 RPM M6428;
2025-053271670-001;POLICIAL;17/11/2025 15:46;17/11/2025 14:32;ROUBO C01157 ;RUA JOAQUIM ROCHA  /  - CENTRO - CONTAGEM;CONTAGEM;84 CIA TM/39 BPM/2 RPM M6428;
2025-053305820-001;POLICIAL;17/11/2025 18:30;17/11/2025 18:29;CUMPRIMENTO DE PRISAO Y10003 ;RUA OSORIO DE MORAIS  /  - CIDADE INDUSTRIAL - CONTAGEM;CONTAGEM;84 CIA TM/39 BPM/2 RPM M6428;
2025-053304082-001;POLICIAL;17/11/2025 18:20;17/11/2025 18:19;CUMPRIMENTO DE PRISAO Y10003 ;RUA OSORIO DE MORAIS  /  - CIDADE INDUSTRIAL - CONTAGEM;CONTAGEM;84 CIA TM/39 BPM/2 RPM M6428;
2025-053586517-001;POLICIAL;19/11/2025 11:20;19/11/2025 11:18;TRAFICO ILICITO DE DROGAS I04033 ;AVENIDA DAS NASCENTES  /  - PARQUE SAO JOAO - CONTAGEM;CONTAGEM;84 CIA TM/39 BPM/2 RPM M6428;
2025-053600278-001;POLICIAL;19/11/2025 13:15;19/11/2025 11:56;FURTO C01155 ;RUA ANTONIO RAPOSO  /  - JARDIM DOS BANDEIRANTES - CONTAGEM;CONTAGEM;84 CIA TM/39 BPM/2 RPM M6428;
2025-053663428-001;POLICIAL;19/11/2025 18:23;19/11/2025 17:54;APLICACAO  MEDIDAS ADM PREVISTAS NO ARTIGO 269 DO CTB T10161 ;RUA FRANCISCO ALVES  /  - PARQUE SAO JOAO - CONTAGEM;CONTAGEM;84 CIA TM/39 BPM/2 RPM M6428;
2025-054044026-001;POLICIAL;22/11/2025 10:43;22/11/2025 10:40;TRAFICO ILICITO DE DROGAS PORTE ILEGAL ARMA DE FOGO/ACESSÓRIO/MUNIÇÃO DE USO PERMITIDO I04033 E03014 ;BECO CRUZEIRO DO SUL  /  - CIDADE INDUSTRIAL - CONTAGEM;CONTAGEM;84 CIA TM/39 BPM/2 RPM M6428;
2025-054499426-001;POLICIAL;25/11/2025 12:36;25/11/2025 04:00;HOMICIDIO B01121 ;BECO MACHADO DE ASSIS  /  - PARQUE SAO JOAO - CONTAGEM;CONTAGEM;84 CIA TM/39 BPM/2 RPM M6428;
2025-054784730-001;POLICIAL;27/11/2025 00:42;27/11/2025 00:10;PORTE ILEGAL ARMA DE FOGO/ACESSÓRIO/MUNIÇÃO DE USO PERMITIDO DESOBEDECER A ORDEM LEGAL  E03014 A80067 ;AVENIDA CRISTAL  /  - FLAMENGO - CONTAGEM;CONTAGEM;84 CIA TM/39 BPM/2 RPM M6428;
2025-050669646-001;POLICIAL;01/11/2025 20:47;01/11/2025 20:23;AMEACA RESISTENCIA DESOBEDECER A ORDEM LEGAL  DESACATO B01147 G01329 A80067 G01331 ;PRACA MARILIA DE DIRCEU  /  - INCONFIDENTES - CONTAGEM;CONTAGEM;84 CIA TM/39 BPM/2 RPM M6428;
2025-052272100-001;POLICIAL;11/11/2025 15:08;11/11/2025 14:54;CUMPRIMENTO DE PRISAO Y10003 ;AVENIDA AGUA BRANCA  /  - JARDIM DOS BANDEIRANTES - CONTAGEM;CONTAGEM;84 CIA TM/39 BPM/2 RPM M6428;
2025-052853900-001;POLICIAL;14/11/2025 19:09;14/11/2025 19:08;CUMPRIMENTO DE PRISAO Y10003 ;AVENIDA FRANCISCO FIRMO DE MATOS  /  - CIDADE INDUSTRIAL - CONTAGEM;CONTAGEM;84 CIA TM/39 BPM/2 RPM M6428;
2025-054876994-001;POLICIAL;27/11/2025 15:54;27/11/2025 15:22;VEICULO LOCALIZADO / RECUPERADO A16000 ;RUA EVANDRO MARGARIDO DOS SANTOS  /  - INDUSTRIAL - CONTAGEM;CONTAGEM;84 CIA TM/39 BPM/2 RPM M6428;
2025-055282436-001;POLICIAL;30/11/2025 10:15;30/11/2025 10:09;TRAFICO ILICITO DE DROGAS I04033 ;RUA ITATIAIA  /  - BANDEIRANTES - CONTAGEM;CONTAGEM;84 CIA TM/39 BPM/2 RPM M6428;
